somatic_name,sample_name,sample_type,sequencing_type,fastqr1,fastqr2
IPIMEL576_M4_B1,IPIMEL576_M4,Tumor,exome,/krummellab/data1/hwismer/vax_data/IPIMEL576/IPIMEL576_M4_WES/IPIMEL576_M4_WES_R1.fastq.gz,/krummellab/data1/hwismer/vax_data/IPIMEL576/IPIMEL576_M4_WES/IPIMEL576_M4_WES_R2.fastq.gz
IPIMEL576_M4_B1,IPIMEL576_B1,Normal,exome,/krummellab/data1/hwismer/vax_data/IPIMEL576/IPIMEL576_B1_WES/IPIMEL576_B1_WES_R1.fastq.gz,/krummellab/data1/hwismer/vax_data/IPIMEL576/IPIMEL576_B1_WES/IPIMEL576_B1_WES_R2.fastq.gz
IPIMEL576_M4_B1,IPIMEL576_M4,Tumor,rna,/krummellab/data1/hwismer/vax_data/IPIMEL576/IPIMEL576_M4_rna/IPIMEL576_M4_rna_R1.fastq.gz,/krummellab/data1/hwismer/vax_data/IPIMEL576/IPIMEL576_M4_rna/IPIMEL576_M4_rna_R2.fastq.gz
IPIMEL577_M4_N5,IPIMEL577_M4,Tumor,exome,/krummellab/data1/hwismer/vax_data/IPIMEL577/IPIMEL577_M4_WES/IPIMEL577_M4_wes_R1.fastq.gz,/krummellab/data1/hwismer/vax_data/IPIMEL577/IPIMEL577_M4_WES/IPIMEL577_M4_wes_R2.fastq.gz
IPIMEL577_M4_N5,IPIMEL577_N5,Normal,exome,/krummellab/data1/hwismer/vax_data/IPIMEL577/IPIMEL577_N5_WES/IPIMEL577_N5_wes_R1.fastq.gz,/krummellab/data1/hwismer/vax_data/IPIMEL577/IPIMEL577_N5_WES/IPIMEL577_N5_wes_R2.fastq.gz
IPIMEL577_M4_N5,IPIMEL577_M4,Tumor,rna,/krummellab/data1/hwismer/vax_data/IPIMEL577/IPIMEL577_M4_rna/IPIMEL577_M4_rna_R1.fastq.gz,/krummellab/data1/hwismer/vax_data/IPIMEL577/IPIMEL577_M4_rna/IPIMEL577_M4_rna_R2.fastq.gz
IPIMEL577_T1_N1,IPIMEL577_T1,Tumor,exome,/krummellab/data1/hwismer/vax_data/IPIMEL577/IPIMEL577_T1_wes/DNA_PSNLDx20240402179_tumor_dna_reads1.fastq.gz,/krummellab/data1/hwismer/vax_data/IPIMEL577/IPIMEL577_T1_wes/DNA_PSNLDx20240402179_tumor_dna_reads2.fastq.gz
IPIMEL577_T1_N1,IPIMEL577_N1,Normal,exome,/krummellab/data1/hwismer/vax_data/IPIMEL577/IPIMEL577_N1_wes/DNA_PSNLDx20240402228_normal_dna_reads1.fastq.gz,/krummellab/data1/hwismer/vax_data/IPIMEL577/IPIMEL577_N1_wes/DNA_PSNLDx20240402228_normal_dna_reads2.fastq.gz
IPIMEL577_T1_N1,IPIMEL577_T1,Tumor,rna,/krummellab/data1/hwismer/vax_data/IPIMEL577/IPIMEL577_T1_rnaseq/RNA_PSNLDx20240402179_tumor_rna_reads1.fastq.gz,/krummellab/data1/hwismer/vax_data/IPIMEL577/IPIMEL577_T1_rnaseq/RNA_PSNLDx20240402179_tumor_rna_reads2.fastq.gz
IPISRC043_B1_N1,IPISRC043_B1,Tumor,exome,/krummellab/data1/hwismer/vax_data/IPISRC043_WES/IPISRC043_B1_wes/IPISRC043_B1_wes_pbmc2_3_R1.fastq.gz,/krummellab/data1/hwismer/vax_data/IPISRC043_WES/IPISRC043_B1_wes/IPISRC043_B1_wes_pbmc2_3_R2.fastq.gz
IPISRC043_B1_N1,IPISRC043_N2_3,Normal,exome,/krummellab/data1/hwismer/vax_data/IPISRC043_WES/IPISRC043_N2_3_wes/IPISRC043_N2_3_wes_R1.fastq.gz,/krummellab/data1/hwismer/vax_data/IPISRC043_WES/IPISRC043_N2_3_wes/IPISRC043_N2_3_wes_R2.fastq.gz
IPISRC043_B1_T1,IPISRC043_B1,Tumor,exome,/krummellab/data1/hwismer/vax_data/IPISRC043_WES/IPISRC043_B1_wes/IPISRC043_B1_wes_pbmc2_3_R1.fastq.gz,/krummellab/data1/hwismer/vax_data/IPISRC043_WES/IPISRC043_B1_wes/IPISRC043_B1_wes_pbmc2_3_R2.fastq.gz
IPISRC043_B1_T1,IPISRC043_T1,Normal,exome,/krummellab/data1/hwismer/vax_data/IPISRC043_WES/IPISRC043_T1_wes/IPISRC043_T1_wes_R1.fastq.gz,/krummellab/data1/hwismer/vax_data/IPISRC043_WES/IPISRC043_T1_wes/IPISRC043_T1_wes_R2.fastq.gz

