somatic_name,patient,sample_name,sample_type,sequencing_type,capture_kit,fastqr1,fastqr2
IPIMEL577_T1_N1,IPIMEL577,IPIMEL577_T1,Tumor,exome,agilent_v7,/krummellab/data1/hwismer/vax_data/IPIMEL577/IPIMEL577_T1_wes/DNA_PSNLDx20240402179_tumor_dna_reads1.fastq.gz,/krummellab/data1/hwismer/vax_data/IPIMEL577/IPIMEL577_T1_wes/DNA_PSNLDx20240402179_tumor_dna_reads2.fastq.gz
IPIMEL577_T1_N1,IPIMEL577,IPIMEL577_N1,Normal,exome,agilent_v7,/krummellab/data1/hwismer/vax_data/IPIMEL577/IPIMEL577_N1_wes/DNA_PSNLDx20240402228_normal_dna_reads1.fastq.gz,/krummellab/data1/hwismer/vax_data/IPIMEL577/IPIMEL577_N1_wes/DNA_PSNLDx20240402228_normal_dna_reads2.fastq.gz
IPIMEL577_T1_N1,IPIMEL577,IPIMEL577_T1,Tumor,rna,,/krummellab/data1/hwismer/vax_data/IPIMEL577/IPIMEL577_T1_rnaseq/RNA_PSNLDx20240402179_tumor_rna_reads1.fastq.gz,/krummellab/data1/hwismer/vax_data/IPIMEL577/IPIMEL577_T1_rnaseq/RNA_PSNLDx20240402179_tumor_rna_reads2.fastq.gz
IPIGNET001_M1_S1,IPIGNET001,IPIGNET001_M1,Tumor,exome,twist_2,/krummellab/data1/hwismer/vax_data/IPIGNET001/IPIGNET001_M1_wes/IPIGNET001-M1_R1.fastq.gz,/krummellab/data1/hwismer/vax_data/IPIGNET001/IPIGNET001_M1_wes/IPIGNET001-M1_R2.fastq.gz
IPIGNET001_M1_S1,IPIGNET001,IPIGNET001_S1,Normal,exome,twist_2,/krummellab/data1/hwismer/vax_data/IPIGNET001/IPIGNET001_N1_S1_wes/IPIGNET001-N1-Swab1_R1.fastq.gz,/krummellab/data1/hwismer/vax_data/IPIGNET001/IPIGNET001_N1_S1_wes/IPIGNET001-N1-Swab1_R2.fastq.gz
IPIGNET001_M1_S1,IPIGNET001,IPIGNET001_M1,Tumor,rna,,/krummellab/data1/hwismer/vax_data/IPIGNET001/IPIGNET001_M1_rna/IPIGNET001-M1_R1.fastq.gz,/krummellab/data1/hwismer/vax_data/IPIGNET001/IPIGNET001_M1_rna/IPIGNET001-M1_R2.fastq.gz
IPIGNET001_T1_S1,IPIGNET001,IPIGNET001_T1,Tumor,exome,twist_2,/krummellab/data1/hwismer/vax_data/IPIGNET001/IPIGNET001_T1_wes/IPIGNET001-T1_R1.fastq.gz,/krummellab/data1/hwismer/vax_data/IPIGNET001/IPIGNET001_T1_wes/IPIGNET001-T1_R2.fastq.gz
IPIGNET001_T1_S1,IPIGNET001,IPIGNET001_S1,Normal,exome,twist_2,/krummellab/data1/hwismer/vax_data/IPIGNET001/IPIGNET001_N1_S1_wes/IPIGNET001-N1-Swab1_R1.fastq.gz,/krummellab/data1/hwismer/vax_data/IPIGNET001/IPIGNET001_N1_S1_wes/IPIGNET001-N1-Swab1_R2.fastq.gz
IPIGNET001_T1_S1,IPIGNET001,IPIGNET001_T1,Tumor,rna,,/krummellab/data1/hwismer/vax_data/IPIGNET001/IPIGNET001_T1_rna/IPIGNET001-T1_R1.fastq.gz,/krummellab/data1/hwismer/vax_data/IPIGNET001/IPIGNET001_T1_rna/IPIGNET001-T1_R2.fastq.gz
